Datum,Klockslag,Absoluttryck,Temperatur,Batteri,datetime
2023-04-20,20:53,18.14,11.0,6.4,2023-04-20 20:53:00
2023-04-21,00:53,17.97,11.0,6.4,2023-04-21 00:53:00
2023-04-21,12:53,17.4,11.0,6.4,2023-04-21 12:53:00
2023-04-22,00:53,17.02,11.0,6.4,2023-04-22 00:53:00
2023-04-22,12:53,16.78,11.0,6.5,2023-04-22 12:53:00
2023-04-23,00:53,16.67,11.0,6.5,2023-04-23 00:53:00
2023-04-23,12:53,16.57,11.0,6.5,2023-04-23 12:53:00
2023-04-24,00:53,16.51,11.0,6.5,2023-04-24 00:53:00
2023-04-24,12:53,16.45,11.0,6.5,2023-04-24 12:53:00
2023-04-25,00:53,16.4,11.0,6.5,2023-04-25 00:53:00
2023-04-25,12:53,16.39,11.0,6.5,2023-04-25 12:53:00
2023-04-26,00:53,16.36,11.0,6.5,2023-04-26 00:53:00
2023-04-26,12:53,16.42,11.0,6.5,2023-04-26 12:53:00
2023-04-27,00:53,16.39,11.0,6.5,2023-04-27 00:53:00
2023-04-27,12:53,16.22,11.0,6.5,2023-04-27 12:53:00
2023-04-28,00:53,16.15,11.0,6.5,2023-04-28 00:53:00
2023-04-28,12:53,16.1,10.5,6.5,2023-04-28 12:53:00
2023-04-29,00:53,16.03,10.5,6.5,2023-04-29 00:53:00
2023-04-29,12:53,15.95,10.5,6.5,2023-04-29 12:53:00
2023-04-30,00:53,15.95,10.5,6.5,2023-04-30 00:53:00
2023-04-30,12:53,15.94,10.5,6.5,2023-04-30 12:53:00
2023-05-01,00:53,15.89,10.5,6.5,2023-05-01 00:53:00
2023-05-01,12:53,15.81,10.5,6.5,2023-05-01 12:53:00
2023-05-02,00:53,15.81,10.5,6.5,2023-05-02 00:53:00
2023-05-02,12:53,15.82,10.5,6.5,2023-05-02 12:53:00
2023-05-03,00:53,15.8,10.5,6.5,2023-05-03 00:53:00
2023-05-03,12:53,15.8,10.5,6.5,2023-05-03 12:53:00
2023-05-04,00:53,15.78,10.5,6.5,2023-05-04 00:53:00
2023-05-04,12:53,15.77,10.5,6.5,2023-05-04 12:53:00
2023-05-05,00:53,15.74,10.5,6.5,2023-05-05 00:53:00
2023-05-05,12:53,15.73,10.5,6.5,2023-05-05 12:53:00
2023-05-06,00:53,15.69,10.5,6.5,2023-05-06 00:53:00
2023-05-06,12:53,15.68,10.5,6.5,2023-05-06 12:53:00
2023-05-07,00:53,15.66,10.5,6.5,2023-05-07 00:53:00
2023-05-07,12:53,15.65,10.5,6.5,2023-05-07 12:53:00
2023-05-08,00:53,15.64,10.5,6.5,2023-05-08 00:53:00
2023-05-08,12:53,15.62,10.5,6.5,2023-05-08 12:53:00
2023-05-09,00:53,15.58,10.5,6.5,2023-05-09 00:53:00
2023-05-09,12:53,15.55,10.5,6.5,2023-05-09 12:53:00
2023-05-10,00:53,15.53,10.5,6.5,2023-05-10 00:53:00
2023-05-10,12:53,15.51,10.5,6.5,2023-05-10 12:53:00
2023-05-11,00:53,15.52,10.5,6.5,2023-05-11 00:53:00
2023-05-11,12:53,15.53,10.5,6.5,2023-05-11 12:53:00
2023-05-12,00:53,15.52,10.5,6.5,2023-05-12 00:53:00
2023-05-12,12:53,15.52,10.5,6.5,2023-05-12 12:53:00
2023-05-13,00:53,15.51,10.5,6.5,2023-05-13 00:53:00
2023-05-13,12:53,15.5,10.5,6.5,2023-05-13 12:53:00
2023-05-14,00:53,15.49,10.5,6.5,2023-05-14 00:53:00
2023-05-14,12:53,15.47,10.5,6.5,2023-05-14 12:53:00
2023-05-15,00:53,15.43,10.5,6.5,2023-05-15 00:53:00
2023-05-15,12:53,15.41,10.5,6.5,2023-05-15 12:53:00
2023-05-16,00:53,15.4,10.5,6.5,2023-05-16 00:53:00
2023-05-16,12:53,15.38,10.5,6.5,2023-05-16 12:53:00
2023-05-17,00:53,15.37,10.5,6.5,2023-05-17 00:53:00
2023-05-17,12:53,15.42,10.5,6.5,2023-05-17 12:53:00
2023-05-18,00:53,15.43,10.5,6.5,2023-05-18 00:53:00
2023-05-18,12:53,15.46,10.5,6.5,2023-05-18 12:53:00
2023-05-19,00:53,15.43,10.5,6.5,2023-05-19 00:53:00
2023-05-19,12:53,15.44,10.5,6.5,2023-05-19 12:53:00
2023-05-20,00:53,15.43,10.5,6.5,2023-05-20 00:53:00
2023-05-20,12:53,15.43,10.5,6.5,2023-05-20 12:53:00
2023-05-21,00:53,15.4,10.5,6.5,2023-05-21 00:53:00
2023-05-21,12:53,15.39,10.5,6.5,2023-05-21 12:53:00
2023-05-22,00:53,15.38,10.5,6.5,2023-05-22 00:53:00
2023-05-22,12:53,15.36,10.5,6.5,2023-05-22 12:53:00
2023-05-23,00:53,15.33,10.5,6.5,2023-05-23 00:53:00
2023-05-23,12:53,15.32,10.5,6.5,2023-05-23 12:53:00
2023-05-24,00:53,15.33,10.5,6.5,2023-05-24 00:53:00
2023-05-24,12:53,15.34,10.5,6.5,2023-05-24 12:53:00
2023-05-25,00:53,15.32,10.5,6.5,2023-05-25 00:53:00
2023-05-25,12:53,15.36,10.5,6.5,2023-05-25 12:53:00
2023-05-26,00:53,15.34,10.5,6.5,2023-05-26 00:53:00
2023-05-26,12:53,15.36,10.5,6.5,2023-05-26 12:53:00
2023-05-27,00:53,15.36,10.5,6.5,2023-05-27 00:53:00
2023-05-27,12:53,15.35,10.5,6.5,2023-05-27 12:53:00
2023-05-28,00:53,15.31,10.5,6.5,2023-05-28 00:53:00
2023-05-28,12:53,15.32,10.5,6.5,2023-05-28 12:53:00
2023-05-29,00:53,15.33,10.5,6.5,2023-05-29 00:53:00
2023-05-29,12:53,15.35,10.5,6.5,2023-05-29 12:53:00
2023-05-30,00:53,15.33,10.5,6.5,2023-05-30 00:53:00
2023-05-30,12:53,15.35,10.5,6.5,2023-05-30 12:53:00
2023-05-31,00:53,15.32,10.5,6.5,2023-05-31 00:53:00
2023-05-31,12:53,15.31,10.5,6.5,2023-05-31 12:53:00
2023-06-01,00:53,15.29,10.5,6.5,2023-06-01 00:53:00
2023-06-01,12:53,15.3,10.5,6.5,2023-06-01 12:53:00
2023-06-02,00:53,15.33,10.5,6.5,2023-06-02 00:53:00
2023-06-02,12:53,15.34,10.5,6.5,2023-06-02 12:53:00
2023-06-03,00:53,15.32,10.5,6.5,2023-06-03 00:53:00
2023-06-03,12:53,15.32,10.5,6.5,2023-06-03 12:53:00
2023-06-04,00:53,15.31,10.5,6.5,2023-06-04 00:53:00
2023-06-04,12:53,15.33,10.5,6.5,2023-06-04 12:53:00
2023-06-05,00:53,15.33,10.5,6.5,2023-06-05 00:53:00
2023-06-05,12:53,15.33,10.5,6.5,2023-06-05 12:53:00
2023-06-06,00:53,15.3,10.5,6.5,2023-06-06 00:53:00
2023-06-06,12:53,15.31,10.5,6.5,2023-06-06 12:53:00
2023-06-07,00:53,15.32,10.5,6.5,2023-06-07 00:53:00
2023-06-07,12:53,15.32,10.5,6.5,2023-06-07 12:53:00
2023-06-08,00:53,15.31,10.5,6.5,2023-06-08 00:53:00
2023-06-08,12:53,15.32,10.5,6.5,2023-06-08 12:53:00
2023-06-09,00:53,15.32,10.5,6.5,2023-06-09 00:53:00
2023-06-09,12:53,15.35,10.5,6.5,2023-06-09 12:53:00
2023-06-10,00:53,15.35,10.5,6.5,2023-06-10 00:53:00
2023-06-10,12:53,15.37,10.5,6.5,2023-06-10 12:53:00
2023-06-11,00:53,15.34,10.5,6.5,2023-06-11 00:53:00
2023-06-11,12:53,15.36,10.5,6.5,2023-06-11 12:53:00
2023-06-12,00:53,15.33,10.5,6.5,2023-06-12 00:53:00
2023-06-12,12:53,15.34,10.5,6.5,2023-06-12 12:53:00
2023-06-13,00:53,15.32,10.5,6.5,2023-06-13 00:53:00
2023-06-13,12:53,15.33,10.5,6.5,2023-06-13 12:53:00
2023-06-14,00:53,15.33,10.5,6.5,2023-06-14 00:53:00
2023-06-14,12:53,15.34,10.5,6.5,2023-06-14 12:53:00
2023-06-15,00:53,15.33,10.5,6.5,2023-06-15 00:53:00
2023-06-15,12:53,15.33,10.5,6.5,2023-06-15 12:53:00
2023-06-16,00:53,15.32,10.5,6.5,2023-06-16 00:53:00
2023-06-16,12:53,15.32,10.5,6.5,2023-06-16 12:53:00
2023-06-17,00:53,15.32,10.5,6.5,2023-06-17 00:53:00
2023-06-17,12:53,15.33,10.5,6.5,2023-06-17 12:53:00
2023-06-18,00:53,15.32,10.5,6.5,2023-06-18 00:53:00
2023-06-18,12:53,15.34,10.5,6.5,2023-06-18 12:53:00
2023-06-19,00:53,15.35,10.5,6.5,2023-06-19 00:53:00
2023-06-19,12:53,15.35,10.5,6.5,2023-06-19 12:53:00
2023-06-20,00:53,15.35,10.5,6.5,2023-06-20 00:53:00
2023-06-20,12:53,15.35,10.5,6.5,2023-06-20 12:53:00
2023-06-21,00:53,15.35,10.5,6.5,2023-06-21 00:53:00
2023-06-21,12:53,15.34,10.5,6.5,2023-06-21 12:53:00
2023-06-22,00:53,15.34,10.5,6.5,2023-06-22 00:53:00
2023-06-22,12:53,15.36,10.5,6.5,2023-06-22 12:53:00
2023-06-23,00:53,15.36,10.5,6.5,2023-06-23 00:53:00
2023-06-23,12:53,15.38,10.5,6.5,2023-06-23 12:53:00
2023-06-24,00:53,15.39,10.5,6.5,2023-06-24 00:53:00
2023-06-24,12:53,15.4,10.5,6.5,2023-06-24 12:53:00
2023-06-25,00:53,15.38,10.5,6.5,2023-06-25 00:53:00
2023-06-25,12:53,15.39,10.5,6.5,2023-06-25 12:53:00
2023-06-26,00:53,15.37,10.5,6.5,2023-06-26 00:53:00
2023-06-26,12:53,15.35,10.5,6.5,2023-06-26 12:53:00
2023-06-27,00:53,15.34,10.5,6.5,2023-06-27 00:53:00
2023-06-27,12:53,15.35,10.5,6.5,2023-06-27 12:53:00
2023-06-28,00:53,15.37,10.5,6.5,2023-06-28 00:53:00
2023-06-28,12:53,15.39,10.5,6.5,2023-06-28 12:53:00
2023-06-29,00:53,15.38,10.5,6.5,2023-06-29 00:53:00
2023-06-29,12:53,15.36,10.5,6.5,2023-06-29 12:53:00
2023-06-30,00:53,15.34,10.5,6.5,2023-06-30 00:53:00
2023-06-30,12:53,15.33,10.5,6.5,2023-06-30 12:53:00
2023-07-01,00:53,15.35,10.5,6.5,2023-07-01 00:53:00
2023-07-01,12:53,15.34,10.5,6.5,2023-07-01 12:53:00
2023-07-02,00:53,15.32,10.5,6.5,2023-07-02 00:53:00
2023-07-02,12:53,15.31,10.5,6.5,2023-07-02 12:53:00
2023-07-03,00:53,15.32,10.5,6.5,2023-07-03 00:53:00
2023-07-03,12:53,15.33,10.5,6.5,2023-07-03 12:53:00
2023-07-04,00:53,15.35,10.5,6.5,2023-07-04 00:53:00
2023-07-04,12:53,15.37,10.5,6.5,2023-07-04 12:53:00
2023-07-05,00:53,15.4,10.5,6.5,2023-07-05 00:53:00
2023-07-05,12:53,15.44,10.5,6.5,2023-07-05 12:53:00
2023-07-06,00:53,15.42,10.5,6.5,2023-07-06 00:53:00
2023-07-06,12:53,15.41,10.5,6.5,2023-07-06 12:53:00
2023-07-07,00:53,15.45,10.5,6.5,2023-07-07 00:53:00
2023-07-07,12:53,15.48,10.5,6.5,2023-07-07 12:53:00
2023-07-08,00:53,15.49,10.5,6.5,2023-07-08 00:53:00
2023-07-08,12:53,15.49,10.5,6.5,2023-07-08 12:53:00
2023-07-09,00:53,15.49,10.5,6.5,2023-07-09 00:53:00
2023-07-09,12:53,15.5,10.5,6.5,2023-07-09 12:53:00
2023-07-10,00:53,15.49,10.5,6.5,2023-07-10 00:53:00
2023-07-10,12:53,15.49,10.5,6.5,2023-07-10 12:53:00
2023-07-11,00:53,15.47,10.5,6.5,2023-07-11 00:53:00
2023-07-11,12:53,15.48,10.5,6.5,2023-07-11 12:53:00
2023-07-12,00:53,15.44,10.5,6.5,2023-07-12 00:53:00
2023-07-12,12:53,15.44,10.5,6.5,2023-07-12 12:53:00
2023-07-13,00:53,15.45,10.5,6.5,2023-07-13 00:53:00
2023-07-13,12:53,15.47,10.5,6.5,2023-07-13 12:53:00
2023-07-14,00:53,15.47,10.5,6.5,2023-07-14 00:53:00
2023-07-14,12:53,15.5,10.5,6.5,2023-07-14 12:53:00
2023-07-15,00:53,15.51,10.5,6.5,2023-07-15 00:53:00
2023-07-15,12:53,15.5,10.5,6.5,2023-07-15 12:53:00
2023-07-16,00:53,15.47,10.5,6.5,2023-07-16 00:53:00
2023-07-16,12:53,15.46,10.5,6.5,2023-07-16 12:53:00
2023-07-17,00:53,15.48,10.5,6.5,2023-07-17 00:53:00
2023-07-17,12:53,15.49,10.5,6.5,2023-07-17 12:53:00
2023-07-18,00:53,15.49,10.5,6.5,2023-07-18 00:53:00
2023-07-18,12:53,15.51,10.5,6.5,2023-07-18 12:53:00
2023-07-19,00:53,15.5,10.5,6.5,2023-07-19 00:53:00
2023-07-19,12:53,15.51,10.5,6.5,2023-07-19 12:53:00
2023-07-20,00:53,15.49,10.5,6.5,2023-07-20 00:53:00
2023-07-20,12:53,15.49,10.5,6.5,2023-07-20 12:53:00
2023-07-21,00:53,15.5,10.5,6.5,2023-07-21 00:53:00
2023-07-21,12:53,15.51,10.5,6.5,2023-07-21 12:53:00
2023-07-22,00:53,15.52,10.5,6.5,2023-07-22 00:53:00
2023-07-22,12:53,15.52,11.0,6.5,2023-07-22 12:53:00
2023-07-23,00:53,15.53,11.0,6.5,2023-07-23 00:53:00
2023-07-23,12:53,15.54,11.0,6.5,2023-07-23 12:53:00
2023-07-24,00:53,15.53,11.0,6.5,2023-07-24 00:53:00
2023-07-24,12:53,15.51,11.0,6.5,2023-07-24 12:53:00
2023-07-25,00:53,15.49,11.0,6.5,2023-07-25 00:53:00
2023-07-25,12:53,15.51,11.0,6.5,2023-07-25 12:53:00
2023-07-26,00:53,15.53,11.0,6.5,2023-07-26 00:53:00
2023-07-26,12:53,15.54,11.0,6.5,2023-07-26 12:53:00
2023-07-27,00:53,15.54,11.0,6.5,2023-07-27 00:53:00
2023-07-27,12:53,15.56,11.0,6.5,2023-07-27 12:53:00
2023-07-28,00:53,15.56,11.0,6.5,2023-07-28 00:53:00
2023-07-28,12:53,15.58,11.0,6.5,2023-07-28 12:53:00
2023-07-29,00:53,15.57,11.0,6.5,2023-07-29 00:53:00
2023-07-29,12:53,15.57,11.0,6.5,2023-07-29 12:53:00
2023-07-30,00:53,15.57,11.0,6.5,2023-07-30 00:53:00
2023-07-30,12:53,15.59,11.0,6.5,2023-07-30 12:53:00
2023-07-31,00:53,15.59,11.0,6.5,2023-07-31 00:53:00
2023-07-31,12:53,15.59,11.0,6.5,2023-07-31 12:53:00
2023-08-01,00:53,15.57,11.0,6.5,2023-08-01 00:53:00
2023-08-01,12:53,15.56,11.0,6.5,2023-08-01 12:53:00
2023-08-02,00:53,15.57,11.0,6.5,2023-08-02 00:53:00
2023-08-02,12:53,15.56,11.0,6.5,2023-08-02 12:53:00
2023-08-03,00:53,15.56,11.0,6.5,2023-08-03 00:53:00
2023-08-03,12:53,15.57,11.0,6.5,2023-08-03 12:53:00
2023-08-04,00:53,15.59,11.0,6.5,2023-08-04 00:53:00
2023-08-04,12:53,15.62,11.0,6.5,2023-08-04 12:53:00
2023-08-05,00:53,15.65,11.0,6.5,2023-08-05 00:53:00
2023-08-05,12:53,15.65,11.0,6.5,2023-08-05 12:53:00
2023-08-06,00:53,15.67,11.0,6.5,2023-08-06 00:53:00
2023-08-06,12:53,15.67,11.0,6.5,2023-08-06 12:53:00
2023-08-07,00:53,15.63,11.0,6.5,2023-08-07 00:53:00
2023-08-07,12:53,15.58,11.0,6.5,2023-08-07 12:53:00
2023-08-08,00:53,15.58,11.0,6.5,2023-08-08 00:53:00
2023-08-08,12:53,15.55,11.0,6.5,2023-08-08 12:53:00
2023-08-09,00:53,15.57,11.0,6.5,2023-08-09 00:53:00
2023-08-09,12:53,15.65,11.0,6.5,2023-08-09 12:53:00
2023-08-10,00:53,15.69,11.0,6.5,2023-08-10 00:53:00
2023-08-10,12:53,15.72,11.0,6.5,2023-08-10 12:53:00
2023-08-11,00:53,15.72,11.0,6.5,2023-08-11 00:53:00
2023-08-11,12:53,15.73,11.0,6.5,2023-08-11 12:53:00
2023-08-12,00:53,15.73,11.0,6.5,2023-08-12 00:53:00
2023-08-12,12:53,15.71,11.0,6.5,2023-08-12 12:53:00
2023-08-13,00:53,15.71,11.0,6.5,2023-08-13 00:53:00
2023-08-13,12:53,15.71,11.0,6.5,2023-08-13 12:53:00
2023-08-14,00:53,15.72,11.0,6.5,2023-08-14 00:53:00
2023-08-14,12:53,15.72,11.0,6.5,2023-08-14 12:53:00
2023-08-15,00:53,15.73,11.0,6.5,2023-08-15 00:53:00
2023-08-15,12:53,15.73,11.0,6.5,2023-08-15 12:53:00
2023-08-16,00:53,15.73,11.0,6.5,2023-08-16 00:53:00
2023-08-16,12:53,15.74,11.0,6.5,2023-08-16 12:53:00
2023-08-17,00:53,15.77,11.0,6.5,2023-08-17 00:53:00
2023-08-17,12:53,15.78,11.0,6.5,2023-08-17 12:53:00
2023-08-18,00:53,15.79,11.0,6.5,2023-08-18 00:53:00
2023-08-18,12:53,15.79,11.0,6.5,2023-08-18 12:53:00
2023-08-19,00:53,15.78,11.0,6.5,2023-08-19 00:53:00
2023-08-19,12:53,15.77,11.0,6.5,2023-08-19 12:53:00
2023-08-20,00:53,15.75,11.0,6.5,2023-08-20 00:53:00
2023-08-20,12:53,15.76,11.5,6.5,2023-08-20 12:53:00
2023-08-21,00:53,15.77,11.5,6.5,2023-08-21 00:53:00
2023-08-21,12:53,15.75,11.5,6.5,2023-08-21 12:53:00
2023-08-22,00:53,15.76,11.5,6.5,2023-08-22 00:53:00
2023-08-22,12:53,15.75,11.5,6.5,2023-08-22 12:53:00
2023-08-23,00:53,15.76,11.5,6.5,2023-08-23 00:53:00
2023-08-23,12:53,15.75,11.5,6.5,2023-08-23 12:53:00
2023-08-24,00:53,15.74,11.5,6.5,2023-08-24 00:53:00
2023-08-24,12:53,15.75,11.5,6.5,2023-08-24 12:53:00
2023-08-25,00:53,15.75,11.5,6.5,2023-08-25 00:53:00
2023-08-25,12:53,15.74,11.5,6.5,2023-08-25 12:53:00
2023-08-26,00:53,15.74,11.5,6.5,2023-08-26 00:53:00
2023-08-26,12:53,15.76,11.5,6.5,2023-08-26 12:53:00
2023-08-27,00:53,15.75,11.5,6.5,2023-08-27 00:53:00
2023-08-27,12:53,15.75,11.5,6.5,2023-08-27 12:53:00
2023-08-28,00:53,15.77,11.5,6.5,2023-08-28 00:53:00
2023-08-28,12:53,15.76,11.5,6.5,2023-08-28 12:53:00
2023-08-29,00:53,15.76,11.5,6.5,2023-08-29 00:53:00
2023-08-29,12:53,15.77,11.5,6.5,2023-08-29 12:53:00
2023-08-30,00:53,15.79,11.5,6.5,2023-08-30 00:53:00
2023-08-30,12:53,15.77,11.5,6.5,2023-08-30 12:53:00
2023-08-31,00:53,15.78,11.5,6.5,2023-08-31 00:53:00
2023-08-31,12:53,15.78,11.5,6.5,2023-08-31 12:53:00
2023-09-01,00:53,15.79,11.5,6.5,2023-09-01 00:53:00
2023-09-01,12:53,15.79,11.5,6.5,2023-09-01 12:53:00
2023-09-02,00:53,15.8,11.5,6.5,2023-09-02 00:53:00
2023-09-02,12:53,15.82,11.5,6.5,2023-09-02 12:53:00
2023-09-03,00:53,15.83,11.5,6.5,2023-09-03 00:53:00
2023-09-03,12:53,15.85,11.5,6.5,2023-09-03 12:53:00
2023-09-04,00:53,15.84,11.5,6.5,2023-09-04 00:53:00
2023-09-04,12:53,15.85,11.5,6.5,2023-09-04 12:53:00
2023-09-05,00:53,15.83,11.5,6.5,2023-09-05 00:53:00
2023-09-05,12:53,15.83,11.5,6.5,2023-09-05 12:53:00
2023-09-06,00:53,15.84,11.5,6.5,2023-09-06 00:53:00
2023-09-06,12:53,15.87,11.5,6.5,2023-09-06 12:53:00
2023-09-07,00:53,15.87,11.5,6.5,2023-09-07 00:53:00
2023-09-07,12:53,15.87,11.5,6.5,2023-09-07 12:53:00
2023-09-08,00:53,15.86,11.5,6.5,2023-09-08 00:53:00
2023-09-08,12:53,15.85,11.5,6.5,2023-09-08 12:53:00
2023-09-09,00:53,15.85,11.5,6.5,2023-09-09 00:53:00
2023-09-09,12:53,15.83,11.5,6.5,2023-09-09 12:53:00
2023-09-10,00:53,15.82,11.5,6.5,2023-09-10 00:53:00
2023-09-10,12:53,15.83,11.5,6.5,2023-09-10 12:53:00
2023-09-11,00:53,15.83,11.5,6.5,2023-09-11 00:53:00
2023-09-11,12:53,15.82,11.5,6.5,2023-09-11 12:53:00
2023-09-12,00:53,15.8,11.5,6.5,2023-09-12 00:53:00
2023-09-12,12:53,15.82,11.5,6.5,2023-09-12 12:53:00
2023-09-13,00:53,15.84,11.5,6.5,2023-09-13 00:53:00
2023-09-13,12:53,15.85,11.5,6.5,2023-09-13 12:53:00
2023-09-14,00:53,15.88,11.5,6.5,2023-09-14 00:53:00
2023-09-14,12:53,15.89,11.5,6.5,2023-09-14 12:53:00
2023-09-15,00:53,15.87,11.5,6.5,2023-09-15 00:53:00
2023-09-15,12:53,15.87,12.0,6.5,2023-09-15 12:53:00
2023-09-16,00:53,15.87,12.0,6.5,2023-09-16 00:53:00
2023-09-16,12:53,15.87,12.0,6.5,2023-09-16 12:53:00
2023-09-17,00:53,15.86,12.0,6.5,2023-09-17 00:53:00
2023-09-17,12:53,15.89,12.0,6.5,2023-09-17 12:53:00
2023-09-18,00:53,15.87,12.0,6.5,2023-09-18 00:53:00
2023-09-18,12:53,15.82,12.0,6.5,2023-09-18 12:53:00
2023-09-19,00:53,15.77,12.0,6.5,2023-09-19 00:53:00
2023-09-19,12:53,15.75,12.0,6.5,2023-09-19 12:53:00
2023-09-20,00:53,15.77,12.0,6.5,2023-09-20 00:53:00
2023-09-20,12:53,15.79,12.0,6.5,2023-09-20 12:53:00
2023-09-21,00:53,15.81,12.0,6.5,2023-09-21 00:53:00
2023-09-21,12:53,15.81,12.0,6.5,2023-09-21 12:53:00
2023-09-22,00:53,15.82,12.0,6.5,2023-09-22 00:53:00
2023-09-22,12:53,15.8,12.0,6.5,2023-09-22 12:53:00
2023-09-23,00:53,15.83,12.0,6.5,2023-09-23 00:53:00
2023-09-23,12:53,15.85,12.0,6.5,2023-09-23 12:53:00
2023-09-24,00:53,15.88,12.0,6.5,2023-09-24 00:53:00
2023-09-24,12:53,15.92,12.0,6.5,2023-09-24 12:53:00
2023-09-25,00:53,15.94,12.0,6.5,2023-09-25 00:53:00
2023-09-25,12:53,15.91,12.0,6.5,2023-09-25 12:53:00
2023-09-26,00:53,15.92,12.0,6.5,2023-09-26 00:53:00
2023-09-26,12:53,15.93,12.0,6.5,2023-09-26 12:53:00
2023-09-27,00:53,15.91,12.0,6.5,2023-09-27 00:53:00
2023-09-27,12:53,15.9,12.0,6.5,2023-09-27 12:53:00
2023-09-28,00:53,15.9,12.0,6.5,2023-09-28 00:53:00
2023-09-28,12:53,15.87,12.0,6.5,2023-09-28 12:53:00
2023-09-29,00:53,15.88,12.0,6.5,2023-09-29 00:53:00
2023-09-29,12:53,15.88,12.0,6.5,2023-09-29 12:53:00
2023-09-30,00:53,15.86,12.0,6.5,2023-09-30 00:53:00
2023-09-30,12:53,15.88,12.0,6.5,2023-09-30 12:53:00
2023-10-01,00:53,15.9,12.0,6.5,2023-10-01 00:53:00
2023-10-01,12:53,15.9,12.0,6.5,2023-10-01 12:53:00
2023-10-02,00:53,15.9,12.0,6.5,2023-10-02 00:53:00
2023-10-02,12:53,15.89,12.0,6.5,2023-10-02 12:53:00
2023-10-03,00:53,15.88,12.0,6.5,2023-10-03 00:53:00
2023-10-03,12:53,15.83,12.0,6.5,2023-10-03 12:53:00
2023-10-04,00:53,15.83,12.0,6.5,2023-10-04 00:53:00
2023-10-04,12:53,15.87,12.0,6.5,2023-10-04 12:53:00
2023-10-05,00:53,15.86,12.0,6.5,2023-10-05 00:53:00
2023-10-05,12:53,15.9,12.0,6.5,2023-10-05 12:53:00
2023-10-06,00:53,15.91,12.0,6.5,2023-10-06 00:53:00
2023-10-06,12:53,15.85,12.0,6.5,2023-10-06 12:53:00
2023-10-07,00:53,15.82,12.0,6.5,2023-10-07 00:53:00
2023-10-07,12:53,15.91,12.0,6.5,2023-10-07 12:53:00
2023-10-08,00:53,15.94,12.0,6.5,2023-10-08 00:53:00
2023-10-08,12:53,15.97,12.0,6.5,2023-10-08 12:53:00
2023-10-09,00:53,15.92,12.0,6.5,2023-10-09 00:53:00
2023-10-09,12:53,15.92,12.0,6.5,2023-10-09 12:53:00
2023-10-10,00:53,15.9,12.0,6.5,2023-10-10 00:53:00
2023-10-10,12:53,15.88,12.0,6.5,2023-10-10 12:53:00
2023-10-11,00:53,15.81,12.0,6.5,2023-10-11 00:53:00
2023-10-11,12:53,15.79,12.0,6.5,2023-10-11 12:53:00
2023-10-12,00:53,15.79,12.0,6.5,2023-10-12 00:53:00
2023-10-12,12:53,15.84,12.0,6.5,2023-10-12 12:53:00
2023-10-13,00:53,15.89,12.0,6.5,2023-10-13 00:53:00
2023-10-13,12:53,15.85,12.0,6.5,2023-10-13 12:53:00
2023-10-14,00:53,15.76,12.0,6.5,2023-10-14 00:53:00
2023-10-14,12:53,15.77,12.0,6.5,2023-10-14 12:53:00
2023-10-15,00:53,15.8,12.0,6.5,2023-10-15 00:53:00
2023-10-15,12:53,15.89,12.0,6.5,2023-10-15 12:53:00
2023-10-16,00:53,15.91,12.0,6.5,2023-10-16 00:53:00
2023-10-16,12:53,15.95,12.0,6.5,2023-10-16 12:53:00
2023-10-17,00:53,15.92,12.0,6.5,2023-10-17 00:53:00
2023-10-17,12:53,15.92,12.0,6.5,2023-10-17 12:53:00
2023-10-18,00:53,15.9,12.0,6.5,2023-10-18 00:53:00
2023-10-18,12:53,15.93,12.0,6.5,2023-10-18 12:53:00
2023-10-19,00:53,15.92,12.0,6.5,2023-10-19 00:53:00
2023-10-19,12:53,15.93,12.0,6.5,2023-10-19 12:53:00
2023-10-20,00:53,15.91,12.0,6.5,2023-10-20 00:53:00
2023-10-20,12:53,15.92,12.0,6.5,2023-10-20 12:53:00
2023-10-21,00:53,15.89,12.0,6.5,2023-10-21 00:53:00
2023-10-21,12:53,15.88,12.0,6.5,2023-10-21 12:53:00
2023-10-22,00:53,15.87,12.0,6.5,2023-10-22 00:53:00
2023-10-22,12:53,15.86,12.0,6.5,2023-10-22 12:53:00
2023-10-23,00:53,15.86,12.5,6.5,2023-10-23 00:53:00
2023-10-23,12:53,15.88,12.5,6.5,2023-10-23 12:53:00
2023-10-24,00:53,15.9,12.5,6.5,2023-10-24 00:53:00
2023-10-24,12:53,15.91,12.5,6.5,2023-10-24 12:53:00
2023-10-25,00:53,15.9,12.5,6.5,2023-10-25 00:53:00
2023-10-25,12:53,15.88,12.5,6.5,2023-10-25 12:53:00
2023-10-26,00:53,15.86,12.5,6.5,2023-10-26 00:53:00
2023-10-26,12:53,15.85,12.5,6.5,2023-10-26 12:53:00
2023-10-27,00:53,15.83,12.5,6.5,2023-10-27 00:53:00
2023-10-27,12:53,15.84,12.5,6.5,2023-10-27 12:53:00
2023-10-28,00:53,15.85,12.5,6.5,2023-10-28 00:53:00
2023-10-28,12:53,15.85,12.5,6.5,2023-10-28 12:53:00
2023-10-29,00:53,15.86,12.5,6.5,2023-10-29 00:53:00
2023-10-29,12:53,15.84,12.5,6.5,2023-10-29 12:53:00
2023-10-30,00:53,15.8,12.5,6.5,2023-10-30 00:53:00
2023-10-30,12:53,15.8,12.5,6.5,2023-10-30 12:53:00
2023-10-31,00:53,15.81,12.5,6.5,2023-10-31 00:53:00
2023-10-31,12:53,15.82,12.5,6.5,2023-10-31 12:53:00
2023-11-01,00:53,15.85,12.5,6.5,2023-11-01 00:53:00
2023-11-01,12:53,15.85,12.5,6.5,2023-11-01 12:53:00
2023-11-02,00:53,15.83,12.5,6.5,2023-11-02 00:53:00
2023-11-02,12:53,15.8,12.5,6.5,2023-11-02 12:53:00
2023-11-03,00:53,15.78,12.5,6.5,2023-11-03 00:53:00
2023-11-03,12:53,15.76,12.5,6.5,2023-11-03 12:53:00
2023-11-04,00:53,15.76,12.5,6.5,2023-11-04 00:53:00
2023-11-04,12:53,15.75,12.5,6.5,2023-11-04 12:53:00
2023-11-05,00:53,15.75,12.5,6.5,2023-11-05 00:53:00
2023-11-05,12:53,15.76,12.5,6.5,2023-11-05 12:53:00
2023-11-06,00:53,15.76,12.5,6.5,2023-11-06 00:53:00
2023-11-06,12:53,15.78,12.5,6.5,2023-11-06 12:53:00
2023-11-07,00:53,15.8,12.5,6.5,2023-11-07 00:53:00
2023-11-07,12:53,15.83,12.5,6.5,2023-11-07 12:53:00
2023-11-08,00:53,15.84,12.5,6.5,2023-11-08 00:53:00
2023-11-08,12:53,15.84,12.5,6.5,2023-11-08 12:53:00
2023-11-09,00:53,15.84,12.5,6.5,2023-11-09 00:53:00
2023-11-09,12:53,15.8,12.5,6.5,2023-11-09 12:53:00
2023-11-10,00:53,15.79,12.5,6.5,2023-11-10 00:53:00
2023-11-10,12:53,15.79,12.5,6.5,2023-11-10 12:53:00
2023-11-11,00:53,15.79,12.5,6.5,2023-11-11 00:53:00
2023-11-11,12:53,15.81,12.5,6.5,2023-11-11 12:53:00
2023-11-12,00:53,15.84,12.5,6.5,2023-11-12 00:53:00
2023-11-12,12:53,15.84,12.5,6.5,2023-11-12 12:53:00
2023-11-13,00:53,15.84,12.5,6.5,2023-11-13 00:53:00
2023-11-13,12:53,15.85,12.5,6.5,2023-11-13 12:53:00
2023-11-14,00:53,15.8,12.5,6.5,2023-11-14 00:53:00
2023-11-14,12:53,15.78,12.5,6.5,2023-11-14 12:53:00
2023-11-15,00:53,15.82,12.5,6.5,2023-11-15 00:53:00
2023-11-15,12:53,15.84,12.5,6.5,2023-11-15 12:53:00
2023-11-16,00:53,15.85,12.5,6.5,2023-11-16 00:53:00
2023-11-16,12:53,15.86,12.5,6.5,2023-11-16 12:53:00
2023-11-17,00:53,15.87,12.5,6.5,2023-11-17 00:53:00
2023-11-17,12:53,15.87,12.5,6.5,2023-11-17 12:53:00
2023-11-18,00:53,15.88,12.5,6.5,2023-11-18 00:53:00
2023-11-18,12:53,15.88,12.5,6.5,2023-11-18 12:53:00
2023-11-19,00:53,15.83,12.5,6.5,2023-11-19 00:53:00
2023-11-19,12:53,15.79,12.5,6.5,2023-11-19 12:53:00
2023-11-20,00:53,15.78,12.5,6.5,2023-11-20 00:53:00
2023-11-20,12:53,15.8,12.5,6.5,2023-11-20 12:53:00
2023-11-21,00:53,15.82,12.5,6.5,2023-11-21 00:53:00
2023-11-21,12:53,15.86,12.5,6.5,2023-11-21 12:53:00
2023-11-22,00:53,15.87,12.5,6.5,2023-11-22 00:53:00
2023-11-22,12:53,15.79,12.5,6.5,2023-11-22 12:53:00
2023-11-23,00:53,15.7,12.5,6.5,2023-11-23 00:53:00
2023-11-23,12:53,15.66,12.5,6.5,2023-11-23 12:53:00
2023-11-24,00:53,15.66,12.5,6.5,2023-11-24 00:53:00
2023-11-24,12:53,15.69,12.5,6.5,2023-11-24 12:53:00
2023-11-25,00:53,15.74,12.5,6.5,2023-11-25 00:53:00
2023-11-25,12:53,15.78,12.5,6.5,2023-11-25 12:53:00
2023-11-26,00:53,15.79,12.5,6.5,2023-11-26 00:53:00
2023-11-26,12:53,15.76,12.5,6.5,2023-11-26 12:53:00
2023-11-27,00:53,15.76,12.5,6.5,2023-11-27 00:53:00
2023-11-27,12:53,15.79,12.5,6.5,2023-11-27 12:53:00
2023-11-28,00:53,15.74,12.5,6.5,2023-11-28 00:53:00
2023-11-28,12:53,15.71,12.5,6.5,2023-11-28 12:53:00
